"x1","x2","x3","x4","x5","x6","x7","x8","x9","x10","class"
0.217051066271855,2.30144787966812,2.06337328581139,-2.87746924536883,-0.280745077410347,3.03734326838823,1.52321855720807,10.0968463717261,1.37529674721882,4.49686781445781,1
0.245343523379125,1.87390099616612,2.17766766911373,-2.90761606577472,0.539491345627269,3.11383603492701,1.32769751060963,10.0246802152833,1.39413835480809,5.22636841454303,1
0.515187690279541,2.05292306176301,2.02148231414612,-2.86871715526833,-0.211045031269224,3.08285456936322,1.51771057833108,10.0909166697646,1.31677220249549,4.90470780670461,1
0.529765918767811,1.79344552912385,2.21167260471266,-2.91283131991592,0.281598929314897,3.10766423208709,1.5100395066179,10.0240616007708,1.37992687812075,5.4290685867877,1
0.821210216835649,1.47226055256409,2.05722777058836,-2.73312853502852,-0.566705821234092,3.07113594141679,1.46296069055673,10.0805114513729,1.36361312931404,4.78860102757507,1
0.00683226215880967,1.63680850382035,2.00641892878339,-3.05897629890711,-0.320724735670278,3.00169145885206,1.34273952365909,10.0032738091424,1.01249274406582,4.03053850899969,1
0.210621643057263,1.67332990166724,2.11807201185729,-2.98170428096708,-0.725106367659354,3.02634266767819,1.44152878346814,10.0002171236556,1.14999818503857,3.95338672654424,1
-0.926146160927735,1.2615598914357,2.00652806940489,-2.93095160825397,0.484749562224462,2.7968752397752,1.41433563014004,10.0519430529093,1.11325063537806,3.76981427121197,1
-0.519450815032067,1.87542811985752,2.18932146886364,-2.81100091431175,-0.945430258846109,2.94415486922576,1.46540242929415,10.0632310070796,1.32659866064787,2.94467622464173,1
0.154950840652349,2.14057896653919,2.28895318806171,-3.04150107187415,-0.305525688260474,3.01826439332476,1.33277564015589,10.0122405531583,1.21170734651387,4.20046518587252,1
-0.302194059402452,2.05019587601123,2.13823815521318,-3.01472770567639,-0.374175287465527,2.89879179535701,1.36227337882779,10.0059120572172,1.23345991382375,3.58469582731682,1
-0.428108208702547,1.68051582629956,2.06236552142072,-2.89560344853005,-0.66061472785166,2.91552363881576,1.54569081275507,10.0311690225732,1.08025499787182,3.37249151501662,1
-0.45224529229344,2.42437607281716,2.01669399619568,-3.03860222058998,0.396413729716979,2.87771886958243,1.33679836163723,10.0325199480169,1.00596713665873,4.1586856686432,1
-0.108508754456353,2.01299191449111,2.11906460137106,-2.94698768867281,-0.720570106499985,3.03864508805225,1.3954224666131,10.0421842935262,1.16454263301566,3.60498869370902,1
-0.784852037779119,2.45066190968805,2.21134209593292,-3.13440602055311,-0.437384788326953,2.76167619287751,1.40278972835052,10.0393711784855,1.25921161025763,2.94222909512196,1
-0.147034883208529,2.43980559277556,2.20152511287015,-2.82571801881518,-0.390904118766384,2.95738157370593,1.34319978111634,10.0227539846674,1.33692592298612,3.76264235284736,1
0.932146038273504,2.38447019018489,2.29846975170076,-3.06207999908995,0.306888598546605,3.20269642688319,1.33856397130225,10.0515724077821,1.34502238212153,5.78029503500555,1
0.0983430041272651,2.41091645183377,2.05906037732493,-2.84665734744664,-1.09621671982909,2.99406719849455,1.46308420420473,10.0300623092102,1.25653207814321,3.45927768699746,1
0.407786530040439,2.27267999638721,2.15017161751166,-3.05802373148797,-0.531482262546335,3.15085812499747,1.42300884261126,10.001197601296,1.22501442637295,4.45017123510283,1
-0.209379779903087,2.47950949642327,2.22623973530717,-2.98960066046137,-0.55371851752716,3.00893390050324,1.41487526342036,10.0880399337504,1.37364033712074,3.66071086649336,1
-0.141682907079089,1.30262194495094,2.09277074867859,-2.94138494297059,0.392647128287297,3.02455444283899,1.3654611538589,10.0204007145017,1.30173965254799,4.6409798179061,1
0.00740730342315112,1.36903706504049,2.28426525960676,-2.97115698589728,0.611643474194674,3.02373814228437,1.33921884070071,10.0157532115234,1.21538557056338,4.98200776060291,1
0.553243890021084,2.21552400923655,2.09404577172827,-2.81965660916241,-0.749271475047366,3.12288112754671,1.35380994262209,10.091717667412,1.38839924102649,4.28066348514253,1
-0.821320571501515,1.63960289829416,2.02087613218464,-2.91956778796279,0.0152646137757301,2.85209993630392,1.41912922253503,10.0307836056687,1.04037321312353,3.46517320111317,1
0.030722374650572,2.05584885986839,2.06546099800617,-2.96829212177047,-0.330598402989496,2.9719495150527,1.60052488904198,10.0104743639706,1.03567469166592,4.27259837575575,1
-0.425450635948492,2.05884731617434,2.14660267662257,-2.94556033749301,0.0844627108603412,2.89783927091717,1.50779949765467,10.0065460711019,1.01970797954127,4.06465084348369,1
-0.948557428784806,2.12817625218214,2.02209966303781,-2.99152980941288,-0.712736303938927,2.799982506463,1.47086492336384,10.0846144613577,1.03892958182842,2.60955369710311,1
-0.596752632077707,1.67789043193019,2.13602118988056,-2.95848052429307,-0.362573568149242,2.90705727649209,1.45199838877365,10.0225306862965,1.14787919912487,3.39972946503879,1
-0.250968767089606,1.61879716431393,2.15213706910145,-3.32917984575576,-0.276165816093875,2.90992179168676,1.33841349840585,10.0725620067446,1.08499570349231,3.72120070690913,1
-0.631125679942438,1.95212337294319,2.06202397716697,-3.0632776057795,-0.912259328201881,2.84551726239385,1.23225354608885,10.0723212866113,1.12213626531884,2.53438580033839,1
0.0153830283920087,2.42733361697641,2.24939394695684,-2.87575588340879,-1.15435692506427,3.01222620961386,1.4659247852191,10.0961973125115,1.3337525324896,3.33917709816069,1
-0.350790354867021,2.01777273756546,2.05550417525228,-2.85730002280156,-0.787182022068708,2.86168014733478,1.40514559633583,10.0349636426661,1.064247355517,3.12885336673488,1
0.255336088110906,2.21702631796257,2.26591457270551,-3.01642346299458,-0.764587359511725,3.03142658538021,1.43008875714697,10.0652704746695,1.22051106132567,3.95226407112636,1
-0.547882900062059,2.19986583468935,2.2135915054474,-2.99722161550828,-0.108861809980344,2.86874955081389,1.34025153064183,10.0901812021388,1.07011984055862,3.55225637141332,1
1.16098539856021,2.35389858151007,2.05743624228053,-2.95165221006193,-0.451025786190148,3.19669770205106,1.40571679638835,10.0883483291836,1.07069243453443,5.31237411080947,1
-0.35351275202176,2.26295405317674,2.16197126111947,-3.0803917346845,-0.160173126570378,2.86153499792903,1.51073070548967,10.0004293033853,1.32850798834115,3.85857982482657,1
-0.679567663149986,2.14899897912368,2.10455868102144,-3.15604989233513,0.37244739884337,2.83643306458285,1.34635378312478,10.0947464321507,1.31436503166333,3.87566658340101,1
0.623277644667452,1.85349794092971,2.27614455001894,-2.9211283441143,-0.183115150298163,3.24130757805088,1.51765137176361,10.0835723972647,1.28614770853892,5.19912144418378,1
-0.898844846236726,1.99649229497729,2.00158062402625,-2.86854209717274,0.218886099932694,2.87138451722092,1.43511785577396,10.0038998993114,1.32359337452799,3.62654362669084,1
0.302363757159875,2.35258989247217,2.16076813482214,-3.09752381953164,-0.286537829837034,3.01391124380592,1.48960361018286,10.0538490709849,1.12185432612896,4.51934078131161,1
-0.0175900663150947,1.75595736369409,2.18192642435897,-3.04544346309862,-0.921379312943206,3.02519785228364,1.30291540476163,10.0818357855314,1.3073446534574,3.38914387778697,1
0.752509033686219,2.46459610632257,2.23063193450216,-2.96637446091343,-0.794078524816257,3.18493794401709,1.28988780847935,10.0378352469997,1.21593638174236,4.43325626136641,1
-0.458229386917938,2.14733856372701,2.25045140772127,-3.02043010162094,0.263954032956475,2.85957888394709,1.47140359495191,10.0240015468327,1.30083527853712,4.13670712493753,1
0.0373766524113494,2.57349474758801,2.29383922433481,-2.93973045237691,-0.0540936019490531,2.98028113559101,1.40524011128189,10.0638758112676,1.13040311634541,4.36880429733519,1
-0.239926906743957,1.98684214580785,2.13166804902721,-3.03801440629831,-0.666197827563581,2.94501418610305,1.51192574626837,10.0890926995547,1.09341371292248,3.55081519806388,1
-0.140768497451877,1.73226515788976,2.04323411744554,-2.9962428243998,-0.247995651483609,2.91502127031489,1.35605907399465,10.092997082416,1.37572598205879,3.88231619537406,1
0.990276801057681,2.1453219020528,2.25352807056624,-2.83838859897857,0.186956129109512,3.16002386964031,1.39068079295183,10.0987733653747,1.32372080450878,5.72793759275933,1
0.0187658947643172,2.35071527461432,2.15255104305688,-2.98179802281442,0.868547690380193,2.98332473447517,1.37113216484379,10.0470695003867,1.37762924488634,5.24177048446347,1
0.564456864725981,2.16897465107255,2.07416747389361,-3.14550823314972,-0.197606831499196,3.15593856118032,1.24815311542516,10.0793505880982,1.35878162840381,4.77094170983226,1
-0.190332153029526,1.9707189553388,2.03378804372624,-3.136533269498,0.0920035675426048,3.03516770020927,1.3262519562668,10.023404452554,1.38914837846532,4.26309107098915,1
0.301452189979555,1.90898693462065,2.1696420509601,-3.15051771152658,-0.57484964785233,3.00877949890244,1.45843303831308,10.0994868711568,1.29525226335973,4.19381507934274,1
-0.0714076243021069,1.6555739243343,2.05846773779485,-3.05497392186587,0.412296521806022,2.91207111550266,1.43802557453424,10.0018781465245,1.37052730228752,4.69098558754082,1
-0.551578905847337,1.98641348088331,2.05084696311969,-2.86462929144589,0.00703412286043739,2.86860917480887,1.42298286972718,10.0386133359047,1.08684784928337,3.74704726154916,1
0.811455355076655,1.82879897277313,2.01005233391188,-2.90486195478577,0.614054383619577,3.13858433385598,1.42752615969684,10.0060533348238,1.33039936898276,5.99162023224906,1
-0.927129338809292,1.94343107926153,2.08682472379878,-2.8268817760692,-0.582093273227001,2.82942192790085,1.34105809709568,10.0654160221107,1.06950291246176,2.66125741296024,1
0.763364959760772,2.33885440006768,2.09785629038233,-3.03093122871029,-0.464313580027523,3.10332904922447,1.36924913143038,10.0868162918836,1.17584145329893,4.77162956038811,1
-0.214782908046387,1.35697681302834,2.01029512244277,-3.0452149164035,-0.0313409267202478,3.01557585880465,1.23190690868531,10.0170155697968,1.0202674052678,4.00135893272332,1
-0.410708324403914,1.65758059010038,2.05003991548438,-3.09674521587802,-0.856603359564385,2.89411502663536,1.18302443707288,10.0932523181429,1.37073181848973,2.80982777973994,1
-0.330108542361793,1.9535296011325,2.14548526827712,-3.08741221916792,-0.0840208434849235,2.87181361820334,1.44651427741058,10.0528531811666,1.16187464231625,3.90419850976721,1
0.121322263824111,1.77424560615456,2.18907862969208,-2.99255458528623,-0.100842103882558,2.95550682390597,1.38854318566542,10.0753146367846,1.36806049766019,4.36453016951295,1
-0.118846827360258,1.83120141540158,2.24759536061902,-2.9584951544139,0.122845588482586,2.97321394303278,1.32229220632823,10.0543625901686,1.39633738659322,4.29950491048333,1
-0.0139534328763602,2.19736417456931,2.20684455465525,-2.80764291946263,-0.702917874421747,3.00870848443499,1.35597766536508,10.0088383084396,1.22004435947165,3.64781484250196,1
0.0531244007552912,2.20959787641755,2.21486959795002,-3.34926825998845,0.436798918124748,3.11899242066724,1.30802692010937,10.0154853909509,1.01155753890052,4.91694265965665,1
0.413844038277112,1.67280177355105,2.23574428788852,-3.11784445939666,0.00484543265915527,3.0719456595506,1.36773052315435,10.0800093673402,1.20536104477942,4.85836565364122,1
0.380255240455666,2.2439264645589,2.22476677005179,-2.92787216398828,-0.20423153317951,3.09484134773948,1.37071565871673,10.0849555919645,1.01803707927465,4.64158071373236,1
0.0807186620854718,2.47546375896952,2.06435080445372,-3.15296386687013,0.462155772903165,2.97424553083063,1.37791275713041,10.0626370520098,1.2949949150905,4.89503272294967,1
-0.601652932922045,1.75596799917918,2.16899077247363,-3.0753074340543,0.223606443578747,2.85605005110398,1.46401380399943,10.0475408059545,1.33578105699271,3.94201736576012,1
0.817062772381538,2.03041723187686,2.11675978950225,-2.9801978831705,0.102875476906109,3.09486951992038,1.52194342488835,10.0894657273544,1.33692710734904,5.53675119409637,1
0.111596754014877,1.83187455732668,2.02124139086809,-2.90731654011207,-0.410431415194752,3.02203953171012,1.38747743544328,10.0506576077314,1.1116666411981,4.11068230597353,1
-0.123925620345344,1.7781337899925,2.07069250335917,-3.06620981049961,0.119353782441132,2.95127642689237,1.35110413281399,10.0293592052069,1.16157668083906,4.29780872180215,1
-0.414281968361409,2.26061156281189,2.04887211995665,-3.08768151249015,0.877173139842514,2.97174267786394,1.40852204032913,10.0166916851886,1.33354328265414,4.84315588967418,1
-0.20629817101247,2.03968320054487,2.19971521976404,-3.12018247735691,0.322168631391293,2.97949293458977,1.45400602160503,10.0735647789901,1.00265682246536,4.54936941657362,1
0.58544205921969,2.32891157371978,2.10067889906932,-3.14184756214731,-0.185542696114039,3.12641430420559,1.35984334612982,10.0642793837003,1.00666936468333,4.88615701344106,1
-0.560069593565656,2.30177099118082,2.0532921483973,-3.08267160870263,-0.704015648567525,2.89363744401959,1.35890325834495,10.0364419685211,1.25951370485127,2.98845546023135,1
0.0876378417580626,2.62015698472772,2.2741309955949,-3.21659894081751,-0.407836230369427,2.94728099277604,1.26090759122938,10.0402458241908,1.36251762239262,3.88799019539405,1
-0.823842142661609,1.93284088889673,2.22283447461668,-3.05699916032085,0.000417427506932438,2.87038415533344,1.47457524287811,10.0516904382966,1.10709293801337,3.52153468305688,1
-0.960754345486209,1.69533886439563,2.11028429733124,-3.01380276977606,0.800785794276127,2.77257756345689,1.29495604253906,10.0906314204913,1.0640424224548,3.90756505478587,1
0.318933191456167,2.16051002278085,2.04554259709548,-2.96493443628625,-0.0327261995642948,3.08220303559561,1.42069481475158,10.0013112192275,1.3528944411315,4.78910484223906,1
-0.598803657047435,2.23202425329849,2.09734404406045,-2.98079785239854,-0.323985727574483,2.88463954025988,1.37449646751781,10.0802349015372,1.34502552375197,3.33634662315577,1
-0.267236537302702,2.01286975658201,2.17384074162692,-3.12620908705975,-0.325453442686009,2.99373765571346,1.52287386446528,10.0605996886734,1.39090415276587,3.92392154019003,1
-0.0914046189824867,2.49544534637865,2.2905133708613,-3.17918515860287,0.209755363613002,2.97510657942294,1.40571303047574,10.0570170016028,1.37404424678534,4.49917035452919,1
-0.15280453401619,1.69918544123245,2.04678421728313,-3.01672462479325,-0.373391316652158,2.96054925588318,1.28373711274838,10.0918701663613,1.10574944876134,3.71809051796322,1
-1.15943954975844,1.80845888122999,2.19629596506711,-2.96857299866223,0.96150844813257,2.69138462878372,1.31866558913262,10.0592772378819,1.21042998125777,3.81211911629047,1
0.321689161325406,1.96897186274655,2.16053865884896,-2.94676444087515,-0.40391702943484,3.06179220724524,1.38662714039981,10.0382923639147,1.15697557060048,4.36619147953562,1
-0.17180988887886,1.92431958571502,2.26278918313328,-3.14363013564988,-0.801657761201713,2.92430608971423,1.43812670580496,10.074198729638,1.0122920004651,3.38896514543862,1
0.237663120192247,2.25377836273959,2.17502604715992,-3.25724962138784,-0.50629056889426,3.05027631970728,1.36239017054161,10.062234828365,1.2388329314068,4.14403904154687,1
-0.172149984704163,1.80253497980746,2.09783648436423,-3.06945405180332,-0.216016707460027,2.93031625872373,1.47782218565504,10.0715274614748,1.11445079008117,4.01997175221458,1
0.467845248571141,2.08814181582377,2.08401573856827,-3.13756865562558,0.603366869840962,3.14065418493223,1.51274905493419,10.0077188607072,1.29370873384178,5.72461535827853,1
0.164088184982888,2.39039545630643,2.05726827634498,-3.02140429442515,-0.151555889467369,3.0947197132537,1.35373239614915,10.0375970931724,1.29295161822811,4.46098440491836,1
0.310494547643183,1.7442950347684,2.18423384830821,-3.10588392278958,0.692153073242473,2.90007762414018,1.47523960402773,10.0971823023399,1.11406546300277,5.37796484905357,1
0.691028485887842,2.52434918869209,2.0002404715633,-2.89916923071239,-0.21770295462015,3.1119046221294,1.31471391997991,10.0649726727977,1.14959318749607,4.899944073377,1
0.389349072713288,2.31214273370942,2.15070505342446,-3.02691599918525,0.266775051939234,3.13809522072308,1.44185250450668,10.0531864302931,1.23496517399326,5.23607184988228,1
-0.498528562676436,2.0812174176027,2.28045413598884,-2.99424172120821,0.0419524357015443,2.75819050970759,1.41653012271755,10.0898471218999,1.35333600370213,3.71814450545025,1
0.237481906127038,1.62045860240215,2.05853493083268,-2.83988364586919,-0.474394932563935,2.99708214656529,1.46433905677813,10.0022925072815,1.30377624873072,4.22450817690653,1
-0.63336583056265,2.10546504977887,2.21281067472883,-2.95917267909052,0.118507743994646,2.87245059385756,1.36995941892943,10.0457623167895,1.37713715992868,3.72755192621899,1
-0.111036980825297,2.35478365233307,2.04546559024602,-2.98260260465051,-0.678897069212856,2.9270065745026,1.43099670112111,10.0542103510583,1.13893311722204,3.56806922558555,1
-0.278339674244391,2.49101414726467,2.29369836631231,-3.11445272924135,-0.181179839124878,2.99646571821707,1.42831857520655,10.0088102844078,1.2489115871489,3.96526478005435,1
-0.297838643606887,2.06810948131423,2.15269896527752,-3.04966541091538,0.0431694440035948,2.98207990600249,1.42696190659843,10.0135968969436,1.30488666100428,4.15437261299762,1
0.0573961171634464,2.4531519553071,2.27727440095041,-2.93015779073397,-0.563020693535225,2.99995810776086,1.45365908180619,10.0013926888583,1.17386106373742,3.94799261319527,1
0.77413774547625,2.06176082315042,2.00288060705643,-3.20158242885791,-0.0606971573192582,3.06375413347867,1.4327599881973,10.0803205094999,1.23808405036107,5.20995470983296,1
-0.59885117597698,1.90142620006342,2.13604460884817,-2.91536857982496,-0.8284294973766,2.81929811141565,1.5654227858899,10.0410676593659,1.38899308564141,2.95744022395197,1
0.815927897330948,2.36412930637186,2.29140502333175,-3.02570325188359,0.323971180452282,3.1384363231989,1.3910123283981,10.0785050713457,1.35250664511695,5.66934772938022,1
-0.090930686119824,2.00688700835089,2.25736484811641,-3.01361120972028,0.222905036775048,2.90323031191636,1.44452496487771,10.0514654987259,1.07389602093026,4.47972962744929,1
-0.683360138463743,2.45701384242305,2.00007573824842,-2.94436980264969,-0.398499935462884,2.84745105879257,1.42635848320783,10.076635129191,1.01906520519406,3.19194946807377,1
-0.366307704815211,2.45316553944929,2.12869405716192,-2.91487427835988,-0.983841239453552,2.90947472667469,1.42557649547832,10.0828255949542,1.30818159217015,2.98490227788424,1
0.193695757042877,2.0352188568763,2.2177601730451,-3.00325803295466,0.516634889369789,2.98516359044008,1.38522063611321,10.04737279939,1.14414894562215,5.08071487296596,1
-0.392241931940221,2.17228172972236,2.27071783503052,-2.86948794119554,-0.563776597307462,2.96108666865262,1.42627272866729,10.0770901536569,1.24165392871946,3.43134086807222,1
0.266744609341893,1.81371171139017,2.15037746063899,-2.87034550053831,0.523311162763227,2.98845122623788,1.58112184514622,10.0409538804088,1.23398802326992,5.35962884348922,1
-0.305356543805757,2.46210691898401,2.22146242272574,-2.92534868235907,-0.806144968632192,3.00434005103485,1.57669265742983,10.0612012477359,1.12100110743195,3.46953119602673,1
0.0744708367755234,1.9316218191083,2.03589979026001,-3.09211560212297,-0.299491983706178,3.03934078236129,1.48854627714154,10.0867466293508,1.15315297963098,4.30286591257218,1
0.347602252194751,2.1702894960575,2.08263083519414,-2.92032133398987,0.0332588062504995,3.1506056841597,1.33120534632517,10.0684474836336,1.25317169837654,4.86267208893012,1
-0.274854161893429,2.02551701823508,2.17669438647572,-3.12429414912813,-0.132582703916174,3.03928926950995,1.34897807501607,10.0581308431691,1.07765016639605,3.98083047871642,1
0.338921952284004,2.43356608363425,2.01583618510049,-2.98749666418287,0.303134860216306,3.03689475431975,1.37256207497182,10.0274544430664,1.03304130267352,5.05151364179188,1
-0.907260024020006,2.21786295512943,2.13095893966965,-3.15926214862397,-0.663699910426697,2.76706980365394,1.42020353190422,10.0832269748207,1.32098687523976,2.61631340111145,1
-0.251577454383738,2.23730290587856,2.19095995777752,-3.03147758936114,0.354306592609556,2.88775181068242,1.36343194276053,10.075384593918,1.12235197974369,4.35391289166877,1
-0.459682036573155,1.62336224017058,2.07194534048904,-3.1179186747498,0.183550217274844,2.87326342215423,1.36718077309469,10.0911308808485,1.22377448873594,3.96431237595061,1
0.146575280602175,2.41076823568165,2.11905836949591,-3.18189336512621,1.01402332359472,3.02982813673909,1.42709948749324,10.0102846303256,1.17997631393373,5.61752622842923,1
-0.271916599871833,1.92450030578524,2.13863608501852,-2.99521184421151,0.115036366069754,2.95361612974128,1.50601103013669,10.0726861735107,1.24655622923747,4.30274692607588,1
-0.0636996373531382,1.720785780568,2.13857200047933,-2.96418597604564,-0.307797426578399,3.03042795155979,1.57221702945743,10.0845917943399,1.11881435001269,4.23114791708569,1
0.0518079069063162,1.79277062728601,2.15187547877431,-2.99179667393644,0.168505017720906,2.97601403497343,1.48347668863111,10.032483423315,1.17574020493776,4.67980364823176,1
-0.275572225291806,2.09236181544139,2.1121411861619,-3.13453578287367,0.344809963367449,2.90018468614207,1.34004456397869,10.0980192527408,1.2098031360656,4.3094669881964,1
-0.716132519983589,2.18296491863108,2.1951005193172,-2.78809376337204,0.0982687121938509,2.8512898405993,1.32517374915434,10.0061276974389,1.24232472600415,3.5585997819639,1
-0.219173960647743,1.61475151650354,2.01527207805775,-3.13278500803208,0.302778110366307,2.97200853593535,1.35105242353099,10.0070363716222,1.31222571060061,4.4066651091849,1
0.167642764990884,2.50192459646535,2.15074555017054,-3.01524112664595,0.46814481957631,2.98726158924198,1.3501578561379,10.0366404746426,1.34223025739193,4.97320702994707,1
0.184930146024852,1.80012130906585,2.27783525972627,-2.81545209636693,0.508544145802512,3.09896755847892,1.30242143290646,10.0752455451991,1.3866960387677,5.09486328321274,1
-0.0976125860021638,1.71853627321693,2.12807821296155,-2.98383180138409,-0.435623428939248,3.06990011738699,1.45551457668281,10.077108585136,1.07912634052336,3.99217867912838,1
-0.141787303618618,1.71217905215614,2.08243210550863,-2.9237326439014,-0.251682537914237,3.04420736526888,1.35014511055336,10.0852205288364,1.24051832193509,4.00088263428938,1
0.268613595695193,1.63661929878255,2.05108003052883,-2.99009363321364,-0.168644529214443,3.11556332851424,1.54394854305763,10.0442493935348,1.1341763490811,4.75948093805262,1
-0.298688627379294,2.17888516328643,2.17097364962101,-3.06989658095293,-0.484405010390909,2.99843989506265,1.34597487782137,10.0064181995811,1.24567233389243,3.56132113511382,1
1.30066367662354,2.43411101552747,2.1429137428524,-2.92030122011201,0.0333565223487116,3.27920335651661,1.30730577624371,10.0492116266862,1.26600832324475,5.92052933173257,1
-0.0801779775814093,2.34334024713992,2.23752699645702,-2.96245790446859,-0.707501379028953,3.04852570506537,1.4057233305566,10.0872618212597,1.13918007379398,3.66656967901161,1
0.671827595799609,1.7321617671368,2.00943760562222,-3.00226222144148,0.289360191120391,3.13947665066478,1.4872778828125,10.0709153277799,1.03556217942387,5.58794232039729,1
-0.13260037830243,2.32494961149356,2.0720369854942,-3.07181492675842,-0.0660584582032416,2.93865394463563,1.40354890223749,10.0735867251409,1.39770658779889,4.14354401036744,1
-0.645944109902379,1.64528569299638,2.10209425243083,-2.98921094443848,0.0486482546808886,2.86477286529545,1.38645799653172,10.0976740654791,1.39760925229639,3.65393500660568,1
-0.380527744998365,2.11269075490199,2.18239807963837,-3.07927733784873,-1.17982292825324,2.90550203442571,1.27090625482515,10.0531279515475,1.20106472223997,2.61605761599925,1
0.503759664052038,1.7872168825506,2.13130248216912,-2.94000305703149,-0.826159245649817,3.14686074002329,1.47693825746247,10.0448576616123,1.36979785365984,4.30139941588798,1
0.00108982092498418,1.96128463947224,2.22032511776779,-2.85684278872088,-0.381507829806296,3.13808819052714,1.38702721140294,10.073047369672,1.3734805916436,4.14469739304878,1
-0.286951587096805,1.67437304726765,2.03998941001482,-3.071092292302,-1.01256571861378,2.98579586856656,1.2702904679781,10.0355020606657,1.18947666352615,2.95656903083408,1
1.25398041014257,2.43230163243116,2.14047573562711,-3.11189180750338,0.0123651730475126,3.30248479500347,1.53088520098408,10.0907347605331,1.00052333399653,6.09971557917764,1
1.01093585689155,2.54157467108397,2.2309962331783,-3.01596470383369,0.236378256882743,3.22544030522623,1.48282161284541,10.059372530994,1.29952266803011,5.95557603184593,1
-1.21063313627265,1.8858050798477,2.02221029011998,-3.03306663306587,-0.558649519016575,2.78728696486665,1.34289177991218,10.044543302292,1.00166380377486,2.3608960894896,1
0.443942132947152,1.99200662608113,2.04179988601245,-2.96553465000432,-0.0255914773096715,2.95476882559348,1.33166724184544,10.0187821554486,1.29876326648518,4.70478672307641,1
0.622386110669126,2.17939852421384,2.17425896478817,-3.02264958496916,0.384609812520643,3.15211223198675,1.46861671602607,10.0889013574924,1.34787259707227,5.62772487120259,1
-0.0418907587179882,1.89213212994152,2.22991275910754,-3.17981244608256,0.010516638150633,3.00424099037296,1.29089333563343,10.0563942842418,1.38784011369571,4.26376020543903,1
-0.0416204103298827,2.55726297648451,2.01043526178692,-3.14255797113875,-0.677777709134216,2.94752915340436,1.54435967740367,10.0683307682863,1.28956451537088,3.77249071134393,1
-0.68735055114772,2.20327676565423,2.1010819665622,-2.99010529245381,0.426266479000387,2.98018008168024,1.40169787356265,10.0800984621514,1.11454159850255,4.12079388309556,1
-0.647098741847058,2.12100178641521,2.19217759168241,-2.98414609404577,0.383027996560776,2.83786543961125,1.47439459542384,10.0543315938907,1.02169446116313,4.0481892897488,1
-0.633580548343503,1.71346538550552,2.06523625997361,-2.95042188569692,-0.325771654935106,2.8779368118083,1.2981890765857,10.0801567922346,1.0709275749512,3.21677368511538,1
-0.853632545874692,2.40324184189779,2.04860251268838,-2.87085790638478,-0.638333528308535,2.86045197615125,1.45255092800007,10.0604798870161,1.11891450276598,2.8210368299681,1
0.234049834098793,2.44779163506935,2.21361085989047,-2.89210920172626,-0.572299635308365,3.00958683026607,1.33343855316074,10.0843705376145,1.37993224868551,4.00477558221724,1
2.77198527803164,1.75728905557915,2.06586895836517,-2.84515364699864,-0.958637699729519,3.63648604899155,1.39945528844192,10.0572052988689,1.098522950802,6.8492889157356,2
3.43511161661977,1.86258957273956,2.18146150275134,-2.97886254089067,-0.57546191099871,3.68189733212408,1.27696724113709,10.0605796258431,1.1508060942404,7.81851427888224,2
3.62126757669895,2.08537106939746,2.14868756264914,-3.16187720558347,0.234314726258098,3.78182118214,1.445261954524,10.0895217000972,1.10040086200461,9.08266543962105,2
2.82297570879151,1.88440773766758,2.23512430854607,-3.03723439246712,-0.423639866382609,3.54585547242269,1.39451519601502,10.0429444870912,1.06211595172063,7.33970651084661,2
2.88728744286905,2.10676997902394,2.04284916003235,-2.94046186967751,0.219158119454578,3.56153082016197,1.35089649390198,10.0391113364603,1.09905094671994,8.01887287638758,2
2.99578172854505,2.73712446921589,2.28263752677012,-3.07702083448798,0.175713375807467,3.63237505157303,1.37700832568966,10.0974010923179,1.39077778235078,8.18087848161521,2
2.64587657627817,2.15625274545641,2.20621115281247,-3.18520590966383,0.0189258321744999,3.48277538331067,1.31378164470807,10.0908553004265,1.17370763299987,7.4613594364714,2
2.81343182421362,1.81635208020059,2.27861691396683,-2.81579390172726,-0.32789206609802,3.5249372247761,1.54539024789269,10.0699682835024,1.37781539838761,7.55586723078439,2
3.03195778331606,2.50374208641747,2.28394146529026,-2.89927350017086,0.291338906413162,3.54154665160818,1.39590602461719,10.0565917539643,1.15855480516329,8.2607493659546,2
2.8135418987164,2.23216351608069,2.02934459100943,-3.03813638636224,-0.096439380487971,3.60264762379456,1.37190323921044,10.0420238636667,1.16366181718186,7.69165338123343,2
3.37923758482027,1.72481704006141,2.15875223863404,-3.10989809617043,-0.524074626046467,3.71907566489787,1.32254900669539,10.0649116089335,1.1655435597524,7.89678763036707,2
2.99812878315832,2.23002490369501,2.073108216119,-3.14890696210227,-0.604953829359311,3.61458925660882,1.40876121206296,10.0254641913576,1.22409016778693,7.41652542247079,2
3.00809472441181,2.23627301644641,2.12936738319695,-3.02309163698264,-0.48443663739404,3.60617402711204,1.49322967175427,10.0647086223587,1.24112102733925,7.62306178588409,2
3.18297532086131,2.8086890222681,2.28390910576563,-3.04179904741392,-0.125706464590157,3.74083896034662,1.30448059919547,10.0294201032957,1.30441241580993,8.10258841581324,2
3.16710732063645,2.15071263310188,2.15121116929222,-3.06755220791967,0.719520064506504,3.66086214348196,1.37717704109452,10.027142248163,1.34214351810515,8.92466656971943,2
3.28695962918127,2.5550944774906,2.20437900037505,-2.99827596271049,0.568786892161481,3.69497867505545,1.4015313545073,10.0115719005466,1.19922963073477,8.95225655090551,2
2.85908733081045,2.15813345701359,2.15258187106811,-3.09245184330759,0.276119491380429,3.55950841311166,1.3458060825571,10.0645653559593,1.31175689576194,8.04052131785964,2
3.01114315933388,2.32371115158365,2.27093977085315,-2.98364587351975,0.553094532877126,3.62619728792019,1.56645050692251,10.0447696276009,1.0146729930304,8.7568854870537,2
3.22792678476769,2.50990964510665,2.04813960650936,-2.99836313981775,-0.530792388118387,3.63906294837124,1.39405459564827,10.0744891130831,1.16128211067989,7.73025194066882,2
3.56886347226381,1.95615940160469,2.07164320452139,-3.12992824428942,0.564950430489494,3.73803393840566,1.3186294730146,10.0415769804968,1.1916640999727,9.19047731417356,2
2.37184583967708,2.09515396785322,2.19649404278025,-2.95907987643556,-0.0375791369390924,3.52019402842072,1.46507431105179,10.0477816247148,1.21077129943296,7.3195350422105,2
2.94362063602549,1.903822142214,2.11767681252677,-3.07709608440576,-0.53656909365779,3.63852030441224,1.44178451599481,10.0127774080494,1.23330571940169,7.48735636277475,2
3.58268071124452,2.50591160853442,2.22937723023351,-3.13732893272325,-0.271471950246472,3.7370013303187,1.34805194320932,10.0225124531658,1.29689575619996,8.39626203452606,2
2.38620707261741,1.37644365791695,2.04497662074864,-2.99748138211478,-0.392087900861498,3.39981225176362,1.41129602610567,10.0430612574797,1.24405616754666,6.8052274496252,2
3.72417197030531,1.85714077412427,2.27802046877332,-3.05164446068338,-0.939527332658434,3.7777976563059,1.43663664488895,10.0670288843801,1.3990920484066,7.99907893884173,2
3.27702854565465,1.79178827965122,2.11810174414422,-3.09271926412295,-0.697911893013131,3.70687769849938,1.33467390533644,10.063706180919,1.39537600819021,7.62066825647734,2
3.25772676116947,2.27179367992674,2.08951963328291,-3.01911463220514,-0.609507153874623,3.57995377380464,1.44906779172218,10.0966933834832,1.03306691721082,7.67724117282167,2
3.28993063358359,1.84598409075002,2.09562928779051,-2.94369408265398,-0.627975250944057,3.60002816201871,1.50332403083895,10.0404783474747,1.27341933818534,7.76530757549718,2
3.84507461069183,2.51567445674814,2.02429311713204,-3.08874727999551,0.719249329669013,3.68281838011256,1.44356825872266,10.0475584826199,1.18753405446187,9.69071057919606,2
3.361026935877,2.13013223355678,2.19968135666568,-2.95514262348846,0.586646891496572,3.67180854876138,1.46280607252021,10.0373050613562,1.26346538290381,9.08228844865516,2
3.29296936877386,2.05670065619891,2.20484740200918,-3.32806915908494,1.28127864538532,3.67231942391216,1.25393725755896,10.0832167846616,1.3450926784426,9.5005046956303,2
2.95872462976829,1.94802520402029,2.06516136249993,-3.00869171310013,-0.375050112977553,3.5624551573065,1.24226348520088,10.0566533279372,1.24195440011099,7.38839315929812,2
2.81600881664771,2.37530515652141,2.22467665257864,-3.14622847612588,0.0914866789893946,3.60220224597884,1.26422000837332,10.0309112682939,1.27829906195402,7.77391774998926,2
3.42664408420571,2.10852736999826,2.19788672365248,-2.95450949332782,0.396088516559364,3.72462517924806,1.28362995381749,10.0423069805605,1.32491971347481,8.83098773383063,2
2.92832012932906,2.11811301660864,2.04285795132164,-2.99826131830834,-0.568745410857423,3.55019596043615,1.4153980479135,10.0403267474379,1.03833128344268,7.32516872682129,2
3.13199890507582,2.25018699456062,2.09034002372064,-2.89516867631692,0.138382806114927,3.66312520501502,1.35738393167625,10.0965813555988,1.20612496417016,8.29089084788201,2
2.89490966173073,2.21629417099369,2.16700129751116,-2.93333340184258,-0.663181934258518,3.62156662157509,1.38809447345011,10.0174841298489,1.0766179535538,7.24138882249741,2
3.0157801812758,1.98275580158544,2.07098990837112,-2.95832236212827,-0.308747026417309,3.52771548780992,1.3851549025626,10.0517268410884,1.12296737479046,7.61990354523101,2
3.32061781765352,1.25657820822554,2.2901768123731,-2.90560837667615,0.0635372477926706,3.7664590547774,1.38037953712422,10.0220920937136,1.15754774808884,8.53099365734781,2
2.79981649664374,1.44348387189681,2.14523962836247,-2.9658250279569,0.371357290568309,3.47521710967895,1.28226555415079,10.0833213785198,1.17330762799829,7.92865645104179,2
3.23969871655021,2.33439707823677,2.03405842995271,-2.92781635065739,-0.0956694572612926,3.58219809891807,1.41169919036614,10.074872571486,1.14532534480095,8.13792654857313,2
3.09554569062239,2.07340208116204,2.03639695725869,-3.0204213229589,-0.049648174268767,3.65845962284268,1.36907934312768,10.0777944028843,1.29426620611921,8.07343648232398,2
2.63435812278869,1.90229829559782,2.04232897618785,-3.10510283684185,0.878669051590009,3.53743548840989,1.40015932702619,10.0760346558876,1.15528098223731,8.45062198981478,2
3.56453324084775,1.9733442387142,2.28707162584178,-2.92808348288605,0.177087647956371,3.75501146990813,1.41295237092459,10.0791066028876,1.09261546265334,8.90958472963684,2
3.39364534235394,2.00966909000505,2.22075364592019,-2.93120115356656,0.525966750606807,3.65212309825749,1.43556807884072,10.0555783585645,1.02096163798124,9.00730327005896,2
3.47969251976028,2.13869874132178,2.21441100488883,-2.96732807433647,0.234120686869143,3.59537601686227,1.49904572437536,10.0316664222861,1.12658016309142,8.80823494786705,2
3.19080402052347,2.16270979859872,2.06237139999867,-3.00288989466733,-0.52563748498901,3.61154549927814,1.46533762131745,10.0090138942469,1.37994885891676,7.74204965613005,2
3.87313390599749,1.76748279364697,2.06027308860794,-3.06076508377812,0.120023294972946,3.69248172310191,1.31739777466973,10.0229023032356,1.17603620663285,9.00303669874206,2
3.77238131762595,1.8366882943247,2.20034106504172,-3.04956901659352,-0.642221710257075,3.71552957348141,1.31441625176641,10.0116296688328,1.39027868090197,8.1601054326167,2
3.02926831738545,1.78971439010789,2.17728571186308,-3.14972610167473,0.410875740988113,3.56370664831069,1.39763645489747,10.0746779150097,1.28353632111102,8.40148716158173,2
3.89190110661197,2.10859661732282,2.22149799426552,-2.99474314834532,0.596433283407046,3.72376618224937,1.36811453963381,10.0249612751184,1.35972997350618,9.58021511190219,2
2.5822811472539,2.54200656634419,2.15300138224848,-2.91607675075199,-0.634662132313048,3.45056736854809,1.4440626887842,10.0288799940841,1.20464679822326,6.84224907227314,2
3.5726020328642,2.06144150135603,2.12746825104114,-2.99065523349187,0.867987224369912,3.75285097795195,1.47078350521933,10.0907822085544,1.09005728913471,9.66422374040539,2
3.39617268639636,1.82064336406782,2.19144432526082,-3.12901424262152,0.151955723377589,3.63867593335713,1.35309971605989,10.0129192739027,1.0198565242812,8.53990405919098,2
3.30092442445969,1.86422523184855,2.10989326995332,-3.06199854150136,0.1994669128312,3.69656462516092,1.38787863521189,10.0495740883285,1.16772965556011,8.5848345976637,2
3.46622788635854,1.79315915610232,2.02018331452273,-3.15609629654994,-0.480203932135147,3.60029570126527,1.3022650706808,10.0846719570924,1.38348562680185,7.88858472616947,2
3.93738064683946,1.16917841164137,2.11363162971102,-3.17855403878242,-0.596558100847414,3.74098497304976,1.3859639084145,10.0811364463298,1.2596416015178,8.4677714274563,2
3.53763307569071,2.20241957141293,2.00507761046756,-2.85383314116782,-0.25471141103192,3.72371633684823,1.34470213533699,10.0121883519692,1.15414145300165,8.35134013684402,2
3.81399187891924,1.80245226665352,2.14158189992886,-2.92503105733642,0.00615629550712568,3.75837576093716,1.3235602828337,10.0526957733789,1.18400229373947,8.90208421819723,2
3.15997625755447,2.25124221158655,2.23560419597197,-2.87364137766773,0.181380594580676,3.67243129942844,1.3891242864162,10.0150717122946,1.21476507103071,8.4029124379798,2
2.39534653599278,2.09550478912356,2.00919288268778,-3.12607165396571,-0.30844790594415,3.4346246970706,1.38347278710121,10.0509860579623,1.00234072208405,6.90499611422044,2
3.67862647867691,2.03634459528298,2.29758250350133,-3.06896793601851,-0.406213541649966,3.64859563237122,1.4030952091072,10.0541922884295,1.32484765276313,8.32410377850537,2
3.43186502921397,2.17716132217394,2.26415239288472,-3.1084109611721,0.542816022254202,3.67163933007784,1.37096759978326,10.0495086998679,1.23421582132578,9.01728798132927,2
3.18337043832478,2.19295030588054,2.05958071358036,-2.93119346389233,-0.345438581099874,3.61731665079694,1.47159028006316,10.0721395518398,1.22610451262444,7.92683878808501,2
2.920446887452,1.80597130480489,2.12679087542929,-2.92994626669893,-0.669133725052216,3.61882852574542,1.40773589684257,10.0284034500597,1.21525360262021,7.27787758498778,2
2.52699350365173,1.54153222025333,2.29685484184884,-2.97172696346692,0.494441347146628,3.4924463483132,1.36767796341179,10.0395198186627,1.14797950629145,7.88155916252334,2
2.42276927726333,1.77667492843487,2.22178878351115,-2.88044450275156,0.09887887520416,3.62030144656447,1.37084806430495,10.0993155676639,1.10869583673775,7.51279766333692,2
3.10140716438085,2.22377605776127,2.15755813217256,-3.01895703854079,-0.246426942440788,3.57790087366046,1.41558076997907,10.0585499628214,1.14829808296636,7.8484618655796,2
2.55630403864025,1.28151721890786,2.10584108671173,-3.04471721744694,-0.0558865097770084,3.47562617992794,1.36540880252528,10.0221047281055,1.05874011302367,7.34145251131647,2
3.83889391359158,2.0328638792609,2.02503098361194,-3.11826410117366,0.274905195061214,3.73217447983307,1.27533455538912,10.0121035859454,1.27193362722173,9.12130814387498,2
3.01760351864421,1.84785765052,2.15476423751097,-2.9911249272445,0.355182104115449,3.53881545281872,1.38768090586098,10.053073798283,1.29926538066939,8.29928198143936,2
3.0463556682744,1.87374309764112,2.13016490410082,-3.13438698556992,-0.415980956056035,3.57738200403832,1.28056656805534,10.0689440844581,1.16269338419661,7.48832328431202,2
3.13284804673435,2.05591471673227,2.22251395126805,-2.86841514570335,-0.348978758644048,3.6735136812217,1.39285649800676,10.0767060634913,1.20925439763814,7.85023946731876,2
2.70084174698121,1.90114777312012,2.22610253458843,-3.10889846901452,0.20159251804783,3.47163283045922,1.290286718196,10.0835690072505,1.02999166650698,7.66435381368425,2
2.98261908643134,1.67075183146925,2.29328859692905,-2.91305788212441,0.289631032720894,3.55047071751892,1.37438477417078,10.0087685193866,1.38883719230071,8.19710561084193,2
3.46116698491463,2.25184710715745,2.05685916487128,-2.9869087378627,-0.406264169077285,3.65072719008161,1.50108551761742,10.0105944657465,1.11884623458609,8.20671552353638,2
3.64961762185688,1.94721139842177,2.09708108406048,-3.02995676404179,0.497665367488064,3.75168173819878,1.3209494439032,10.0001597588183,1.26745791174471,9.21991417144693,2
3.16512902078023,2.25668875503964,2.02833518893458,-2.94711207122776,0.76309473877248,3.74030697696101,1.44713978703759,10.0131032326026,1.12771573858336,9.11567052355131,2
3.13769931161699,1.63751391405076,2.03355450378731,-3.02816708564037,0.323635765665084,3.63467800042819,1.33393908386717,10.0364408202237,1.16371530527249,8.42995216157743,2
2.75973318173713,2.60684667192192,2.16503427193966,-2.86996793134651,0.121072835732718,3.51185798429625,1.53071052095451,10.0869264287176,1.11869717165828,7.92337452272061,2
3.41006753279855,1.6205215262968,2.13602641976904,-3.08019534280341,-0.330455969109163,3.60637244956766,1.39434902135162,10.042264067661,1.27864767601714,8.08033303460867,2
3.09240577966051,1.75590477620783,2.2960558117833,-2.93291151223306,0.53958923734941,3.61959929845415,1.3742713474385,10.0550455704331,1.02819750737399,8.62586566290257,2
3.82277928234786,2.27398743631566,2.26232534670271,-2.93596140393666,0.229144650033452,3.71218793726993,1.43566938492865,10.0211564261233,1.15548320412636,9.19978125457989,2
3.2274807565841,1.98727878720731,2.02783699717838,-2.93878381327214,0.38323993509269,3.7155632580595,1.46426501137194,10.0311716469238,1.36335063111037,8.79054896110824,2
2.69095705065202,1.56300917189859,2.04253258630633,-3.03011011621367,-0.125047374370221,3.51529330432383,1.41812979484649,10.0701029837597,1.35482627572492,7.49933277545212,2
2.73371139342026,1.68836978600179,2.0614938718034,-3.08434556980348,0.383947883704475,3.55513074227979,1.34500552300723,10.0891120369313,1.23247443521395,8.01779554241175,2
2.74165992389585,1.8503511185433,2.12449206765741,-2.89556500816358,0.389533333841116,3.53446147481574,1.57839368754422,10.0405445187585,1.21827522339299,8.24404842009693,2
2.96068250165104,2.01082422693957,2.27616785645951,-3.07897191188739,-0.542728036566499,3.5770992648955,1.38993667727047,10.0842157275649,1.0309282916598,7.38499040725051,2
3.21489048694125,1.61742061613865,2.29567192383111,-3.05796354759658,-0.748898412930071,3.68290376324569,1.42548258975261,10.0144307116047,1.23818001300097,7.57437842700948,2
3.44439153254765,1.60661506211883,2.24886380122043,-2.9591863707825,0.63776592427352,3.62367242391963,1.39616559717696,10.0940721558873,1.2666635603644,9.10199547791776,2
2.78514193287985,2.08584688038115,2.28084747411776,-2.96973733924918,0.418549370623311,3.55741439513633,1.41344987222889,10.0289058728376,1.0512016675435,8.17455557086839,2
3.07271622062079,2.00071845579542,2.16978279589675,-2.99368085296804,1.28024636996363,3.55318638524108,1.24586615606951,10.0875322134467,1.01307757496834,9.152015131895,2
2.49850127892176,2.35123803441091,2.27491946320515,-3.12993886836163,0.146918956977113,3.52651078368444,1.29281912124053,10.0031830767868,1.33163426723331,7.46475014082384,2
3.1803958118534,2.04190737192668,2.09914861375,-2.98861235631393,-0.194790826095389,3.60616234462175,1.4277382996028,10.0130564373452,1.34606833793223,8.01950562998256,2
4.17356187186322,1.77180859787356,2.22886914629489,-3.1048930929692,0.0460152320887929,3.82388688374775,1.28793398369582,10.0782345017418,1.13969990108162,9.33139797139558,2
3.47721233094234,1.89181619531212,2.04467718584929,-3.03220953881279,0.869372980334258,3.70908679474994,1.36203156254117,10.0222381711239,1.21185579635203,9.41770366856771,2
3.15940375976081,1.72070833191147,2.27442846675403,-3.10920997626343,0.191147311969314,3.52994336473302,1.35213623982443,10.058145584818,1.29148313878104,8.23263067628756,2
3.65045812477608,2.12413412892651,2.20060248696245,-2.95102097652745,0.0424554099343601,3.72959677448297,1.38116873654327,10.0290872493293,1.07177353287116,8.80367904573667,2
3.16287447760467,1.24930598991845,2.25868882378563,-3.05539028717019,-1.55940984086706,3.63712076217465,1.37754171241403,10.039455910516,1.0738969931379,6.6181271113263,2
3.24792591329748,1.91938945420071,2.14369492840488,-2.98560583535762,0.741957822418599,3.64184026260034,1.40231336396545,10.0333748556906,1.26837268806994,9.03403736228187,2
3.91800246504611,2.20839977547931,2.00128397513181,-2.88090044902414,0.745187081397176,3.74765346354495,1.34904533592161,10.0486148399534,1.39075268087909,9.75988834590985,2
3.53138841321441,2.13681185053726,2.17118599102832,-2.88991915122635,-0.328672990984131,3.73437231537449,1.40502769949081,10.0985033211531,1.15060439286754,8.34211543709558,2
3.02807117781857,1.90947253075499,2.23258725914638,-3.05627248393698,-0.0876332729551069,3.66798477576644,1.29489764402634,10.068715507444,1.39131073504686,7.90332032465624,2
3.07795453992743,2.50197151049531,2.22207566483412,-3.0792047836079,-0.107811744148775,3.62728984548349,1.28458156799901,10.0908613195876,1.09003400532529,7.88201420926116,2
3.45461124933951,2.27807922016509,2.18671439914033,-2.91394041147227,0.344757801888033,3.70476969158052,1.47633339675013,10.0370846728096,1.31656682882458,8.98047213955819,2
2.87880921714983,2.29265265130773,2.22827694646548,-2.89998495269931,0.377276543965195,3.55851849240585,1.40577847395516,10.0492455661762,1.12727190516889,8.22038272747604,2
3.08978436741815,2.13242422101918,2.20125311934389,-3.08197629142215,-0.194673819776845,3.61606417229142,1.36078194617818,10.0490540722618,1.16868542963639,7.87195666611091,2
3.40190626346657,2.14301920692182,2.25149553860538,-2.83877844938837,-0.63018985291781,3.6583181514012,1.46825085508129,10.0086855185218,1.30286536039785,7.89828541703125,2
3.63953097164672,2.31153292752351,2.22412801168393,-3.21649245860872,-0.361981535409628,3.80541034230963,1.27765506521607,10.0596462308429,1.08778966171667,8.36061484376279,2
3.07036136656399,1.9830633392722,2.26768772841897,-2.87740405273718,0.928144015790621,3.59781134424142,1.44078433798734,10.0912161135813,1.20178935416043,9.03710106458337,2
3.10344787805312,1.87759344017703,2.0477236563107,-3.16336216714309,0.131243282690356,3.67657960758566,1.38826777561436,10.0411274357932,1.04211629750207,8.29953854394351,2
2.75961987185233,1.64661950771164,2.01642011017539,-2.94804827627418,0.62893615392513,3.54322510807383,1.43875765024194,10.0690923763905,1.34295221026987,8.37053878409322,2
3.20402871249749,2.02068665701587,2.19293435341679,-2.97172657740931,-0.415318976569822,3.60526576360646,1.39812954875957,10.0827137285611,1.18655488174409,7.7921050482937,2
3.5240121142716,1.93467046427996,2.29533906567376,-3.02420592400653,-0.135538264282987,3.65613033749378,1.35541628309656,10.0806614662288,1.1439373742789,8.40002047057895,2
3.08615448631634,2.24044744085461,2.21496031570714,-3.15590375228477,0.495673052474054,3.51626991148442,1.40026425805184,10.0562470457517,1.14317395091057,8.49836170832665,2
2.39186052188952,1.00478055418927,2.0806275509065,-3.03205689007198,-0.382279403050885,3.49895484392779,1.42858235846784,10.0211209987756,1.11137974523008,6.93711832123426,2
3.02374874343394,1.79236657974558,2.18407487203367,-2.91311955746667,0.68674206212462,3.70623807198812,1.48205796688107,10.0392340827966,1.28699846230447,8.89878684442775,2
3.76689153714617,1.96709528161368,2.22641597201582,-2.940784165894,0.901228590916866,3.77237445855491,1.3997399656073,10.0568105033832,1.03396825501695,9.84023455222524,2
4.12720828231227,2.04232304575281,2.21611251516733,-2.99422067813841,0.34017790917407,3.90764969466794,1.50583986667452,10.0603030752391,1.35587717741728,9.88087575282881,2
2.82127165857743,1.74469659320914,2.2749105430441,-3.02574485504079,-0.246021520025549,3.56896632461839,1.3288900855691,10.0722280457616,1.03324948670343,7.47310654873937,2
3.07759294402289,1.8770446175501,2.22530058873817,-3.09581244317348,0.172212588981115,3.65921148236618,1.3194414955795,10.0431857156334,1.38354922095314,8.22845851094969,2
2.78098581579303,1.68183479964278,2.10477679099422,-3.00639767447457,0.29672049449107,3.62580446145833,1.42085841216224,10.0101675298763,1.25821290574968,8.12436918390466,2
2.86676321079705,2.17938085583179,2.00810964365955,-3.02714765747216,-0.585631831917453,3.72823084853793,1.2334072609561,10.0010192032671,1.3806174586527,7.24276948837363,2
2.95031697166761,2.51444618586794,2.29048655882943,-3.03420040480464,-0.10672156295886,3.6385002154532,1.41132122696444,10.0645153176738,1.11459355726838,7.89341685112638,2
3.33241759862237,2.32550397229799,2.11887785878498,-2.97242172849644,-1.05298875256729,3.67490278419901,1.32930306662011,10.0071431958815,1.24068484408781,7.2836346968742,2
3.51217669492475,1.96806241661004,2.02534572763834,-2.98501988153461,-0.601651231750316,3.66458487155737,1.37487469667179,10.0074039917672,1.19633467784151,7.94998503140359,2
3.45020589686247,2.37837725827904,2.18441726355813,-2.99791998728509,0.253103454639678,3.68895769684199,1.35227951856982,10.0903462776449,1.03112689042464,8.74454656691396,2
3.12406027257983,1.9786900089194,2.24681580192409,-2.94645422059952,0.203524812250614,3.64616512259811,1.39333527658089,10.0179949018406,1.04879113966599,8.36708548400944,2
2.96568961817512,2.75724167916822,2.00569453223143,-3.01300390880917,0.181136917665233,3.62079674360569,1.41181368923243,10.0200504350709,1.04411736512557,8.17943696867848,2
2.38815621191392,2.14379959517864,2.05293361982331,-2.91829028023594,0.0689317647982637,3.48757489667052,1.4143193908515,10.0503834287869,1.39988437602296,7.35898226423419,2
2.45475704589222,2.03335549874284,2.28187686318997,-3.04610409842984,0.178860986267949,3.44681755968633,1.32933489762911,10.0483521837741,1.13013639617711,7.40977048947561,2
3.46524696690953,1.7916974137699,2.01003920359071,-3.0232708738273,0.13677314134642,3.77465134139339,1.3111696713265,10.0224403668195,1.06434355853125,8.68784112097583,2
2.88313570862154,2.25370307821691,2.04361540931277,-3.10799163248844,-0.567472072786987,3.65024787690483,1.44995894887179,10.090337696881,1.24874131083488,7.41587046161117,2
3.53325375436048,2.16964381873535,2.11681064942386,-2.93648907852898,-0.357481606984247,3.70429990241697,1.33760238646257,10.096145871398,1.15183157501742,8.21767443625577,2
2.64545517790911,2.42533910000677,2.10761601240374,-2.99226272556527,1.21940083937098,3.56502113006444,1.35744276228413,10.0911866078619,1.07556721987203,8.78731990962866,2
3.5082387361336,2.17629954778488,2.20270117875189,-2.92239946521337,0.366719445266361,3.67641822940134,1.54335995129165,10.0083126928424,1.01205345392227,9.09473636209295,2
3.15515459221956,1.96748124844967,2.24719379411545,-3.02268906236152,0.405812497494003,3.65503852752248,1.40615857247327,10.0771528167883,1.38770882533863,8.62216418970931,2
3.07209063674966,1.66099946388487,2.05558454617858,-3.05674553881582,0.186063037283848,3.58917177255066,1.40006290063937,10.0498102183454,1.01069216839969,8.24738834722354,2
3.1751230202044,2.23160444768751,2.20029398626648,-3.15721386058569,0.990505683849802,3.71651725661959,1.42850202148688,10.0640963829122,1.30184380682185,9.31064798216068,2
3.78725726377517,1.90362077828533,2.27299200328998,-2.99812338074978,0.230606234715115,3.75427473856129,1.43008266771812,10.0695923083695,1.2716581268236,9.20222090476969,2
2.90042201782272,2.01710655554825,2.27294169378001,-2.93514634781476,0.221011167037767,3.59344796510957,1.33947255977284,10.0145299199969,1.32331249238923,8.05435370974291,2
2.79269461443462,1.88801967318954,2.04436059347354,-2.99349958792606,-0.0773867028074977,3.58530045650726,1.28783072083897,10.0774677857989,1.33400219650939,7.58843908897335,2
2.7413225016911,1.77127873786658,2.2372820073273,-3.07035721533103,0.346048119257064,3.45517367223471,1.40550256096575,10.0735114271985,1.35573809137568,7.94804685414863,2
3.48693726446447,2.44745998061755,2.05557234296575,-2.94873424445239,1.2583343288608,3.767496846024,1.38755470736604,10.097982993233,1.00458284476772,9.90032314671531,2
3.25158432404741,2.21966711866456,2.17161738607101,-3.08917118432414,-0.369638777002272,3.68152392723407,1.39737896509449,10.0734692838276,1.34179662633687,7.9608484393737,2
3.19897655527122,2.19391388554412,2.16914067708421,-2.88233175791286,-0.259522944175994,3.65025155434976,1.39232145654466,10.0905704625649,1.05911674909294,7.98202662198965,2
2.82343776268851,2.22052390789618,2.19344891880173,-2.89604263396991,-0.512431968439204,3.60487594138903,1.51995509118544,10.010807580594,1.31347028585151,7.43583682682378,2
2.94199631528922,2.18818847238566,2.05577453591395,-3.05587745613237,0.216025711735998,3.63599278005438,1.35699418200536,10.0115227310685,1.03655109368265,8.15100898908494,2
3.60795443775177,1.88681400916902,2.18496669549495,-3.01249497762532,0.867108129617694,3.76276944571084,1.44798794016894,10.01845997856,1.31837331037968,9.68581995324925,2
2.82036815225675,1.76701612372509,2.09131284235045,-2.83267682114693,0.291060583577487,3.52857671684217,1.38217233201124,10.0396886228351,1.39524870794266,8.02217778468765,2
0.342977168318141,1.73211094256557,2.18464063953143,-2.94044286391705,4.06520717956042,3.06208028331681,1.56081431641167,10.0454372436041,1.3620839972049,9.03107894760705,3
-1.20044673289477,2.02420824950542,2.28534904464614,-3.09103404110453,3.80729393992685,2.77133384292493,1.35786065898917,10.0915749897948,1.14369263136759,6.73604170894618,3
0.029273920386217,2.11595202526908,2.2681599950185,-2.95229371318933,5.31198537059668,3.00400946108607,1.36581846630117,10.0737894442398,1.28285641698167,9.71108721837014,3
0.836139019538734,1.34436521049917,2.08274199913722,-2.96737854308642,5.26785000346818,3.10759372410888,1.33744368135217,10.007621905487,1.09818131579086,10.549026428468,3
-0.261459405253702,2.21227781579446,2.15051874006167,-2.92742498199833,4.12692277827224,2.94601695341144,1.32163715906738,10.0653576572426,1.26543887350708,8.13311748549736,3
-0.334503937202355,2.09328173897728,2.02158590992913,-2.95720071210262,4.15292240233735,2.96805726846726,1.36967483825906,10.0843974520685,1.37060396177694,8.15615057186131,3
0.895932575667846,1.70974056614406,2.03132587049622,-3.08340529630148,4.05230209950414,3.18104815171729,1.41300216594235,10.0167235297151,1.18327483953908,9.54228499283162,3
0.0412113452591405,1.82073408702467,2.22336705396883,-3.00091545440119,4.18960219755879,3.05681588563795,1.3954918000896,10.0072194139939,1.35118458187208,8.68312122854548,3
0.126635143155346,1.99840330987478,2.26343330165837,-3.10616503230559,3.93044634320013,3.00965687153975,1.43311208273612,10.0851725968765,1.28887953618541,8.49985044063135,3
-0.935270722796553,1.51972224360849,2.15602261109743,-3.07762606088722,4.14405480846647,2.77439807462974,1.39427987324185,10.0051569045056,1.29358026040718,7.37746203354151,3
0.243134156624599,1.62044876878194,2.21086830312852,-3.00652797071436,4.41394912154594,2.99659421358693,1.36059231412761,10.0907472105231,1.33494318267331,9.01426980588507,3
-0.592855222478062,1.5313830078521,2.14448206832167,-3.08841767945424,3.6973271352085,2.85413390941323,1.37555657077167,10.0301846464165,1.06598048936576,7.33416239291533,3
-0.0840196748625367,2.18745619490752,2.28088049553335,-3.0954115956483,3.89592580337739,2.98806909810791,1.39073393484291,10.0836401144043,1.26781358802691,8.19070916146567,3
-0.138482684090864,2.54761484687019,2.19579853508621,-2.91009120098026,3.8710207350019,2.90349170894629,1.35423603359523,10.0259820593055,1.20850538741797,7.99026579345255,3
-0.39524236481797,1.73331362584074,2.10099005801603,-3.00977183577225,3.9375429311745,2.92423524490695,1.29953024694141,10.0990656645037,1.109419482667,7.76606605820489,3
0.388153785736029,1.95367610730212,2.09580616557505,-3.16615129464839,3.09932395854466,3.0780369859001,1.34947241379295,10.0836261809804,1.1475833626464,7.91498714397374,3
-0.809295214963726,2.14559479027172,2.15345450926106,-3.14459372279368,3.75826100554749,2.91436328436838,1.26518383115062,10.0074243963929,1.39599563907832,7.12851290610277,3
-0.0225150316309736,1.99483619093851,2.04074815993663,-2.8641326696956,3.72478152858163,2.95325059011792,1.4875323118501,10.0241628288524,1.05908648977056,8.14304939891868,3
-0.334262345839461,2.11373102849694,2.18059948862065,-3.19579533466692,5.09105642012796,2.90405520404034,1.47126618946991,10.0908081065631,1.2960551707074,9.13211546779875,3
0.78635638428093,2.32133534364322,2.21771546942182,-2.98546781950455,4.40061960466899,3.13521208303794,1.39937323600349,10.0264367256081,1.39544603545219,9.72156130799136,3
0.444736762278518,2.5892773029813,2.16223940567579,-2.72399992558698,3.79947263295614,3.05873153731413,1.40892285990544,10.0732963223942,1.19969977829605,8.71186379245423,3
0.319181058360696,1.8517459246116,2.18501357219648,-2.99793497603617,4.51098125696647,3.11749944834147,1.36166317187081,10.0062679955503,1.14855536976829,9.30932493553944,3
1.45753050903081,2.23078719989758,2.06819200583268,-3.00772411563414,4.29368136146273,3.24950295294845,1.34468573242625,10.0669053271413,1.20881167091429,10.3454005558682,3
1.45615090389701,1.61971367533643,2.10742019249592,-3.13571903242016,4.21245075394147,3.25062122943151,1.3455685742902,10.0658130801981,1.37528983801603,10.2647914615602,3
-0.484679305247541,2.01652257311093,2.10410225964151,-3.08097679473575,4.03535491122756,2.92798055503225,1.46924344806577,10.0599603950744,1.36321978587657,7.94789960907804,3
0.055245212328041,2.07703589496087,2.21795321302488,-3.11805315779766,4.04852282993115,3.03811775226425,1.41000648942184,10.047769958456,1.10832261694595,8.55189228394528,3
-0.0322973504215082,2.31966687665393,2.1697820730973,-3.02096359212708,4.13756539749969,2.95986892336186,1.45532843657071,10.0989485564409,1.00346856350079,8.52046540701076,3
-0.11039369173069,1.61239951308878,2.29067692148965,-3.04085134433185,3.50440253410594,3.00840042694608,1.33223058371563,10.0825748922769,1.29409449696541,7.73463985303697,3
0.56489751475358,1.76433758308001,2.24788812268525,-2.90170341023272,4.31028268065111,3.11238325158768,1.40049756670939,10.0231517687207,1.2693390628323,9.38806101370176,3
-0.410925757320065,1.6111593810774,2.03661143032368,-3.01640055083017,3.18497697671233,2.90464264385814,1.38792767777471,10.0980700329412,1.18163220928982,7.06662154102511,3
-0.560856240884888,2.39452281533329,2.0478609608952,-3.01089982563366,4.28390986373623,2.8164919269699,1.3460377840368,10.0734895344824,1.34221578268334,7.88558333385803,3
-0.808726813089268,2.3504598262063,2.2540098705329,-3.07690373555439,4.60118761209054,2.9080526518303,1.32067505544075,10.0407839905005,1.16568805277348,8.02118850627232,3
0.294034582172911,2.21880714616887,2.04817006683443,-2.91308097770749,4.09254768080151,3.0737298542235,1.42019608571565,10.0081268233014,1.0742190670222,8.88050820291357,3
0.500523651726852,2.17090951838226,2.2258664064575,-3.00474895723944,3.21966034405345,3.17944390388862,1.44480724598239,10.0480407677125,1.28073662593961,8.34443514565131,3
-0.0123529232857725,1.78758971552551,2.09651661128737,-2.93674209992071,4.30248397132114,2.98602952733924,1.54535892682567,10.058047646936,1.10096597187221,8.82151950220028,3
-1.58009046247341,1.61389253724844,2.24983697370626,-2.90263394299512,4.51697320480993,2.69372207774117,1.46634608354937,10.0581724379212,1.32058987664059,7.09695090362707,3
-0.173013420202368,2.50654996687137,2.19732152458746,-3.03700864714396,3.82659292761343,2.98159097538159,1.36249147803208,10.0960876814323,1.07094267802313,7.99766196082473,3
1.28025955510431,1.75413882700329,2.19957449347712,-3.01916107858259,4.27230373151003,3.34501862852819,1.40459274140732,10.0402582383249,1.23473765263334,10.3021746565498,3
-0.367162340359211,2.28592824462403,2.25308457324281,-2.85372594276995,3.9740557421586,2.81313542766662,1.48304051279488,10.0309364278335,1.34167875917628,7.90306934226089,3
0.286987353563597,2.18183291980328,2.18245945675299,-3.03467754737448,4.15305804628775,3.0895695652307,1.47954987406736,10.0897358183749,1.33545928588137,9.00916483914941,3
-0.134084156697262,2.150310389268,2.08876207163557,-3.08478320860736,3.92646562769372,2.89803247105987,1.35852499326315,10.0444540309487,1.02388379154727,8.04893893531948,3
0.134471253433815,2.34286927070842,2.20216985347215,-3.08046767140901,4.78031651053426,3.12670241190806,1.37598251671496,10.0369036963675,1.07964705172926,9.4174726925911,3
-0.527344594130472,2.59596266801509,2.23821588524152,-3.09746303625607,4.43469528855069,2.99150082774946,1.36832363785184,10.0321341289207,1.34332618284971,8.26717516002151,3
0.378724881821135,1.68523702875491,2.29460049162153,-2.9994829183999,4.50542121678986,3.1599720261696,1.3466852738296,10.046878392389,1.28513608220965,9.39080339861019,3
-0.0617629168324182,2.42893583275655,2.29223066545092,-2.811043224503,3.55863730231232,3.03973564860284,1.40138663963024,10.0212046502857,1.37600329294801,7.93799667371298,3
0.410659410158705,2.1225980892747,2.15770297585987,-3.03535955974778,4.57410356432985,3.15091041268078,1.32690474265805,10.049668178102,1.36615335503593,9.46257812982738,3
0.269238127613178,2.03383914273181,2.27022369306069,-3.12362524042207,4.00870276906191,3.00472193197847,1.32756397241012,10.086836489127,1.11246669990942,8.61022680106369,3
-0.617472179664399,1.77306432178997,2.10395602337085,-2.88461202969914,4.72558092708618,2.85200184453745,1.41024858635096,10.0117288033012,1.07032465077937,8.37035917831018,3
-0.286112287098747,1.98098717517242,2.05373902139254,-2.97755085267814,3.61135630915908,2.94146945314445,1.50764284032164,10.0911139057949,1.01488551273942,7.77435631552643,3
0.543017695784021,1.53777037132775,2.09600528501905,-3.05154185614855,3.6610496541322,3.12750575827449,1.35755660869209,10.0700269012246,1.17059514084831,8.6891297168828,3
-0.0640388651161583,1.86559417513927,2.18769171193708,-3.1271456524628,4.19291096685639,2.90614361520439,1.39512060977734,10.0167530759471,1.186547808256,8.43013632672195,3
-1.26757372238865,2.5075161588809,2.25682317488827,-3.02161875294705,3.94409057068486,2.69317094357438,1.38580082436354,10.0992094753077,1.38456391524523,6.75548861623413,3
-0.65835904272011,2.68421011796608,2.04515286702663,-2.9798098099514,3.53533273009186,2.92014865668257,1.38855562575396,10.0584608291974,1.39918434312567,7.18567796980828,3
-0.102072580178878,2.46166267273729,2.24397443258204,-3.10946072673255,3.95407731049724,2.95755962559953,1.43407297879366,10.083871567063,1.01240332545713,8.24363733471155,3
-0.575261377653066,1.81881375010791,2.1578795256326,-2.91719930105517,4.00281934556595,2.79958592068442,1.50694521328095,10.0534166924423,1.03091394435614,7.73408910187825,3
0.875197881041754,2.3226902942311,2.17919257506728,-3.05331553800555,3.89263903424446,3.25498149654147,1.41766240469309,10.0744435636792,1.0804955159314,9.44048081652077,3
0.380466185372988,2.0557706719699,2.03221794387791,-2.89519366337799,4.54437766922738,3.08130596329661,1.46370949517276,10.0685392406303,1.22459591832012,9.46985931306974,3
-0.581094487326554,1.62239413069746,2.01828361281659,-2.92571954708547,4.20842543163976,2.87159307366074,1.39764234919343,10.0831651010318,1.03771357592195,7.89656636716738,3
1.17525591105861,2.4870786584823,2.1013206334319,-3.06667804137653,4.04352395633013,3.26262144951137,1.34015195911504,10.0272687463555,1.01829241532832,9.82155327601515,3
-1.19832073251625,1.62407669285173,2.06160364847165,-2.79914902619361,3.77108748274334,2.67785526358532,1.42364041039937,10.0265052607749,1.19797735968605,6.67426242421177,3
-0.300636889721824,1.53267021913641,2.04034406573046,-2.96693384911398,3.87757667339949,2.89229917862583,1.34564020074218,10.0879468943225,1.38220650218427,7.81487916304567,3
-0.21662210078679,2.12708280177607,2.13079381687567,-3.1047171776088,4.39694812686325,2.95857183537218,1.2837392184223,10.0916262551211,1.10182717181742,8.42263707987095,3
0.322729680258926,2.22840927844557,2.13234762363136,-2.96928345835568,4.19299226783717,3.01137632873123,1.45376996673939,10.0273201222764,1.13785541551188,8.98086824356671,3
0.731068550481967,2.00077009694053,2.03474461131264,-3.09661413669957,3.87624850638759,3.15530058917517,1.51641235973848,10.0515957588796,1.30218965448439,9.2790300057832,3
1.29756562667262,1.94976820524505,2.2768537160242,-2.92618158519938,3.42923447807536,3.21490891742727,1.33804200769327,10.0785992650548,1.34087105318904,9.27975102986851,3
0.118533427387183,2.03400086796489,2.07980881785043,-3.06510048061022,4.50043217340698,3.03058463364206,1.384110080992,10.0793844269821,1.38693561358377,9.03366031542823,3
-0.390900602255997,2.18936062678081,2.21075216466561,-2.92659536825412,3.4274161247171,2.91183543291791,1.42627140087786,10.0118148478912,1.15191735886037,7.37462235625687,3
0.0424162864832653,2.39771097512171,2.24603813579306,-3.07745286927442,4.31888389970414,3.04163291387498,1.38344599655132,10.0393191615352,1.27061482872814,8.7863790966137,3
-0.637376767127231,1.8327668385796,2.13048466497567,-3.09962442943829,4.06157458035618,2.87047414325558,1.27821960132273,10.0266568367137,1.30406521875411,7.57289155780726,3
0.193608927750286,2.27697334640141,2.07595360926352,-2.84635315515564,4.78507524300213,3.03118604790146,1.49030819964202,10.0747376846848,1.12567433342338,9.5001784182959,3
0.08585113278862,1.7939392848681,2.15894769162405,-3.0768958349559,3.84691977534181,3.11711789363642,1.43043610251436,10.0275285896612,1.10568212103099,8.4803249042812,3
1.67842868748988,1.91134306085487,2.02985361553729,-3.06292862794414,4.63850306729992,3.34592058176042,1.2749652491643,10.0041906798026,1.0502993568778,10.9378175857145,3
-0.74705462148105,1.7451885938111,2.06906299139373,-2.93137528174631,3.3030758950285,2.78943826647072,1.35690216182507,10.0076303365873,1.25202503139153,6.70236170184324,3
-0.0512046060504418,2.70095917837698,2.01560902602505,-3.02256115815406,4.17951595389009,2.99963186468841,1.49770653535811,10.0593585855793,1.04651554441079,8.62564974788616,3
-0.38330925354138,1.50563866747358,2.00490823336877,-3.03796792399087,4.49524865648144,2.96297791864647,1.41205989006176,10.0247408212163,1.35595353217796,8.48697721164828,3
0.756500391125079,2.40360998217056,2.00655545748305,-2.99210126127201,3.84597355128069,3.10912666267746,1.25118731835043,10.0088665810879,1.29085039282218,8.96278792343365,3
0.205632968620295,2.10687106099928,2.25145704157185,-3.072338392456,3.73233867883386,3.0555609353876,1.37089972696654,10.0821817498421,1.28598184194416,8.3644323098083,3
-0.916562475078192,2.34529934553711,2.29809767287225,-2.97798197452853,4.03239997039943,2.79359887873228,1.3099314283372,10.0497488556197,1.32044926825911,7.21936780239072,3
-0.692914030075428,1.97911085106063,2.00743863913231,-3.04379896781406,3.37941354970163,2.82534006788859,1.33994292341424,10.0575849356363,1.37970676152036,6.85178251092903,3
-0.101430151355175,2.19442031993472,2.12826742827892,-3.11419726825513,3.68562858255066,2.94169005870522,1.44030877507639,10.0357473748038,1.31712689185515,7.96619726497709,3
-0.2272983149276,2.19966907720592,2.07831691578031,-2.9577391334519,3.47153356766755,2.91605127830469,1.4151387110629,10.0639591359766,1.00547871571034,7.57542524210754,3
-0.520039118573947,1.85928176942046,2.20340124284849,-2.99398130972749,4.5796294185604,2.86611813466987,1.3525334280214,10.0482109689154,1.33305757120252,8.27824186267772,3
1.11347166844251,2.01447924132529,2.06932630825322,-3.06225868074131,3.94392157449525,3.26215925690036,1.45446648784629,10.0118445833214,1.18450147844851,9.77401898768441,3
0.260456009215172,2.56056414017993,2.18299463281874,-3.10829589111691,4.11245383113118,3.0793379155965,1.4027023053372,10.0126151204808,1.1384349710308,8.85495006128006,3
-0.220292037551542,1.4859943531679,2.26343871525023,-3.13288626869552,4.25983387305533,2.94246663773032,1.44304684713954,10.0309413378593,1.24752005375922,8.42505532037365,3
-1.04323337481432,2.01878626262994,2.16408305619843,-2.93992498992696,4.30048968630208,2.77398503194037,1.46922786492058,10.0017800453585,1.04060450764373,7.50046920834872,3
0.251792244286397,1.83293506820515,2.16450682133436,-3.18287883503615,3.83308651600703,3.07074829805421,1.31827979518509,10.0026916265022,1.32565973941237,8.47390685353273,3
-0.373183111800174,1.89291427570348,2.23972497964278,-2.88485319063335,4.60631585200681,2.89630364016325,1.45587116700867,10.0020776616875,1.07488618893549,8.58530754737856,3
1.01388160536242,2.12578489973378,2.27185665753204,-2.92107462332122,4.52243308909423,3.23103412898085,1.4417913667787,10.0131651074626,1.0770031475462,10.2091401902162,3
-0.230035874431101,1.45254319569755,2.10869671660475,-2.8700855036454,3.81424811309189,2.90250220881943,1.47768861830064,10.0934126536595,1.16858479753137,7.96440306578086,3
-0.479573315696192,1.59300943296012,2.24502702450845,-2.87557113581757,4.02104026272993,2.91265980184269,1.44154785923568,10.0006626068847,1.146590739768,7.89567460811211,3
-0.757448635918048,1.99432735376118,2.17811209529173,-2.90712446424581,4.06734508709484,2.8919154467075,1.42357660441596,10.0521598703926,1.01089547593147,7.62538850230026,3
-0.200378361590375,1.3488742525478,2.05888797715306,-3.11666205460739,4.33348983942856,2.89645495558832,1.40769767995785,10.0181225506123,1.00143250180408,8.43726411338435,3
0.149508840788671,2.01946444008302,2.02467963686213,-3.06813685773068,3.98452209060369,2.97169994269389,1.41515869937763,10.0429383832961,1.09279140485451,8.52088957346389,3
-0.578055791722739,2.36812501479596,2.10383225011174,-3.00989775499483,4.09767451445243,2.95011115074061,1.38117230194708,10.0572747689672,1.2932677843608,7.85090217541739,3
0.204329007051444,2.32595229447018,2.21139245901722,-2.83301377911616,4.11169566471645,3.02507362643514,1.39954710516813,10.0407126271166,1.10146076688543,8.74064540337117,3
-0.920049070270777,2.25197453585283,2.1405235678656,-2.99945403619072,3.76267934095153,2.77300144931146,1.3933389555838,10.0680102369515,1.32539267838001,7.00897067557602,3
0.603550081025649,1.77536194120625,2.17651651627384,-2.94641336196231,4.87022937895263,3.08077786209073,1.33175057535312,10.0846845688066,1.19663891745731,9.88630789742213,3
-0.89642048218786,2.26226683756484,2.26014987654053,-3.06572390779897,3.94573072988485,2.87771652023463,1.44413075769394,10.0945391814923,1.29053121041507,7.37115752562556,3
-0.156186197405668,2.60180277026082,2.02950025559403,-2.87860985976998,4.16059961059926,2.915032512735,1.52696370587455,10.0951467799721,1.01141625642776,8.44640963180315,3
0.491613203345118,1.81705745095647,2.23542659957893,-2.95378188208821,4.26814282840534,3.07628712494284,1.37677349268838,10.0927727942122,1.04976888988167,9.21281664938168,3
-1.76978980316155,2.47530805570805,2.22474638428539,-2.94802946476058,4.57254169830287,2.72683991590542,1.42274451101855,10.0064554048702,1.05856345696375,6.95233632206529,3
0.223587900984967,2.05850892849769,2.20621053311042,-3.07232041477429,4.19776523086642,3.14719985558905,1.32871292632647,10.0833410776919,1.09859095709398,8.8972659137669,3
-0.133704182717613,2.06105775460271,2.14869045880623,-2.95519707520296,4.5328887523803,2.88760649428257,1.4377418658678,10.0494675834198,1.31425433717668,8.72453292981306,3
0.540343727369504,2.34128596193427,2.09189839917235,-3.00769624579292,4.56148533817295,3.11234040473799,1.40080804167322,10.0445656300755,1.03504753448069,9.61497751195366,3
0.378362466588051,2.14555615293278,2.00369276863057,-3.04966085211357,3.44361449066502,3.11458569478824,1.32167293555243,10.0697004052345,1.1010608933866,8.25823558759374,3
-0.349243027014875,2.06768754855125,2.21793561961967,-2.90730796800147,3.79607028329804,2.93524625387836,1.38138193221496,10.0901592578506,1.00861709518358,7.76345544237649,3
-0.928359659451052,2.07312276188314,2.14734988347627,-3.10949546324101,3.60005937648982,2.76821517933254,1.27182238216655,10.0693142078584,1.26357408072799,6.71173727853786,3
-0.111218054078689,2.06055754859456,2.07318197169807,-3.10161086872856,4.03755534187245,2.91980317168998,1.38997208501158,10.0217790500028,1.38933404833078,8.23611254449532,3
-0.331323742215919,1.91115351140238,2.16556438198313,-3.01234444638807,4.29311455841068,2.90954715041723,1.46541800750513,10.0165634456091,1.12662396300584,8.33675597411712,3
-0.793326738848911,2.00080099026634,2.09471338738222,-3.03961412016066,4.53696859328908,2.86141753271587,1.35275302552017,10.0668881247286,1.18757737986743,7.95781241267621,3
-0.366842642021498,2.34346665904189,2.06028958901297,-2.97928314100072,4.41820810094977,2.9247168456526,1.35970757043056,10.0846814951627,1.03880436001346,8.33578987501144,3
0.893784008110287,1.56018290331149,2.17132221818902,-2.99213033658537,3.59820410975434,3.15478018771574,1.34268827697908,10.0087585033383,1.32487159147859,8.98945658255945,3
-0.118700085261367,1.81547918666753,2.25807241492439,-3.05538550803268,5.0254548449048,3.00511162442094,1.39681309523477,10.0329661146039,1.11288955900818,9.30867947929914,3
0.091662638969627,2.07496117391508,2.19996738331392,-2.93554821156789,4.20923754538619,3.00571805356232,1.38598093002453,10.0460326572647,1.04550500875339,8.69259916794267,3
0.306185621891079,2.39913066157485,2.16636591174174,-3.01999406474008,4.24572044201416,3.04166111831509,1.41032321070464,10.0185817662161,1.12850333256647,9.00389039292497,3
-0.487858410721959,1.74856338096039,2.03904667466413,-2.97445162859723,4.15425233949524,2.90747050478836,1.47306595848613,10.0314575987635,1.30123937604949,8.04693039204777,3
0.964979608322498,2.09150041779333,2.19978851517662,-3.00568309586649,4.43859301732903,3.16097885252369,1.52657644688252,10.0253957654117,1.24922872819006,10.0911279250577,3
-0.410058120674667,2.30565002274709,2.11087761858944,-2.86491162993348,3.73547537412669,2.94806034460493,1.44089415955464,10.0535209765425,1.38733852356672,7.71437175761159,3
-0.312552757711208,2.16229182518206,2.28638635119423,-2.93938307411464,3.73117467108257,2.99388137091988,1.44161854011398,10.040116305952,1.0216203908436,7.85412182440522,3
1.24953592589341,1.84624095645935,2.07020854596049,-2.92769022419104,3.92950679651376,3.32330512935375,1.29518466790213,10.0293350562919,1.08298726193607,9.79753251966305,3
-0.0832555109849873,2.13265255611981,2.29456242073793,-2.90169796591959,3.98939186171849,2.973410897819,1.31363747987307,10.0826822930714,1.26370668290183,8.19318472842557,3
-0.592756300317788,1.80085057076766,2.2819356248714,-3.13062078273006,3.59695617985994,3.01381422289587,1.4029443724116,10.007519386569,1.17767178518698,7.42095847484962,3
1.05628624753017,2.00661618399429,2.13533376527484,-3.31586420659572,4.87101990823479,3.14624640994849,1.20212690755195,10.0469624005957,1.05493540503085,10.2756794732654,3
1.13905887330083,2.19771604768648,2.0935319482116,-3.03717990810397,3.68099348991878,3.13056712554479,1.31589192587845,10.0661737129791,1.01370157646015,9.26651141464285,3
0.372908600372856,1.81088792486544,2.26569173645694,-3.14683881833058,4.70629567880552,3.10016019525907,1.4721117380373,10.0299365172628,1.31532606882975,9.65147621247474,3
-0.529953173192545,2.16450559587574,2.09012584562879,-2.97510821501206,3.9142283525151,2.94196162180203,1.50410026144698,10.0674790980527,1.16078216070309,7.83033706257156,3
0.235931020894806,1.56798520047133,2.06727023180574,-2.89595093411762,4.15322523054727,3.08265154984927,1.33182165132003,10.0852595326724,1.32453485131264,8.80362945261137,3
-0.358485913969018,2.21777397286254,2.27865799758583,-3.12066367608761,4.68974904701293,2.86275923969122,1.38807283853806,10.0794156541117,1.16974202515557,8.5820952112732,3
0.187760593365942,2.58832631628483,2.00451072866563,-2.98529600098407,4.11214210569197,2.98681979806537,1.39613707387207,10.0679227828281,1.04743506638333,8.68285957099535,3
-0.328706041240099,2.32988972799701,2.01462249844335,-2.88477612687788,3.40042770921275,2.90449260116536,1.46551937989635,10.0921868844191,1.29027852406725,7.44173364903437,3
-0.459309847129118,2.24312728894606,2.24272426837124,-2.96829095400628,4.13755662940333,2.97568579748604,1.46176130520383,10.0209150313633,1.14933959729969,8.11569388496409,3
0.461499628409004,2.17272650922229,2.04453985227738,-3.01766548848801,4.53396953942104,3.059462342798,1.37488193359059,10.0900940288557,1.13499104948714,9.42981344421863,3
0.655875792413187,2.8019241369987,2.06743684015237,-3.03393092317831,4.28552401377686,3.16349596680057,1.44579981465198,10.0320194474189,1.31398930735886,9.5506955876426,3
0.837600025148488,2.20708019397473,2.26947316431906,-2.88376880861377,4.07576441384456,3.22242608524384,1.39853370080915,10.0093260522233,1.24299815669656,9.53432422504604,3
-0.0295106058386067,1.97315915910883,2.00654246211052,-3.05783151698488,3.66376335795713,2.96632624057743,1.37987128815296,10.0624398938846,1.10086275991052,7.98045028084891,3
0.609321766430086,2.36998047220993,2.06810346939601,-3.15908650730308,4.21002257280397,3.1864895450128,1.36021560658045,10.0651461119996,1.15696237133816,9.3660494908273,3
0.0522234645362812,2.12367167681501,2.07246570538264,-3.03405488516355,4.17627462739004,2.92934585503365,1.32812921021614,10.0233450050233,1.33749506399035,8.48597315717611,3
1.05151408016772,2.72695306976053,2.05319234814961,-3.19193140112677,3.84449808275766,3.38446508515122,1.31250889680378,10.0390271754703,1.20720194112509,9.59298614488038,3
-0.54726733843462,2.00100938500939,2.03990781798493,-2.90568304814833,4.11949322676824,2.8361920225867,1.36082666789924,10.0814048227621,1.03734549786896,7.76924457881955,3
-0.156195480696758,1.74528507501854,2.0082583052339,-2.99446006627397,3.77201624331845,3.033547238076,1.45458303421222,10.076734539005,1.30919480398297,8.10395103490992,3
0.734986621506281,2.24658149866384,2.26792117573787,-2.91600503850589,3.70676016983455,3.17805116466446,1.43184336096244,10.0004098817473,1.04120292784646,9.05164131696774,3
0.45490674854863,2.21701207982752,2.16754461617675,-2.86108846859423,4.11336519540433,3.09125622794355,1.34480096623066,10.0056887588231,1.2504092480056,9.00432913812718,3
0.990513919777875,2.09217060378054,2.27435442039277,-2.98303351329441,4.11622398827209,3.19478481149741,1.43815941344618,10.0962147744372,1.37149684997275,9.73968213299355,3
-0.20575545991179,2.18699911820655,2.29849524826277,-3.03762493600767,4.02153140864647,2.91403930466263,1.35239117195785,10.0382850241847,1.36968603739515,8.08220642535516,3
0.303375293990752,1.44031541447191,2.17643917107489,-2.88863661396488,4.99309400434567,3.06064957124893,1.47037362339006,10.0808619237039,1.37488760594279,9.82749249297541,3
-0.326983729247185,2.33800168515858,2.02181707953569,-2.8462764067304,4.5131722105548,2.86557606661391,1.40957139658783,10.0293865879765,1.22302004853264,8.46133594450936,3
0.458450795970927,2.47721383969183,2.08922122481745,-2.79578647138186,4.05960339870722,3.09715078251584,1.49530409529205,10.0189971714746,1.22439189935103,9.11050907248604,3
0.989289227776112,2.19784591120514,2.10187636723276,-2.99464158157306,3.52771862851426,3.09770580894358,1.41000518417925,10.0072309928946,1.29982412299141,9.0247188494132,3
0.340434054093521,1.308321011731,2.22330528793391,-3.12512623868526,3.7769447114725,3.13952959208051,1.27959547093277,10.0596468873788,1.2937022600323,8.5365038285793,3
